{
  "subject": "sub-CC110056",
  "percentile": 95.0,
  "percentile_value": 345.10684967041016,
  "voxel_volume_mm3": 1.0000001192092896,
  "top_percentile_voxels": 51418,
  "rois": {
    "M1": {
      "roi_voxels": 10682,
      "overlap_top_voxels": 988,
      "roi_volume_mm3": 10682.001273393631,
      "overlap_volume_mm3": 988.0001177787781,
      "overlap_fraction": 0.09249204268863509
    },
    "Hippocampus": {
      "roi_voxels": 4250,
      "overlap_top_voxels": 2250,
      "roi_volume_mm3": 4250.000506639481,
      "overlap_volume_mm3": 2250.0002682209015,
      "overlap_fraction": 0.5294117647058824
    }
  }
}